﻿{
  "version": 2,
  "configurePresets": [
    {
      "name": "linux-debug",
      "displayName": "Linux Debug",
      "description": "WSL(Linux용 Windows 하위 시스템) 또는 원격 Linux 시스템을 대상으로 지정합니다.",
      "generator": "Ninja",
      "binaryDir": "${sourceDir}/out/build/${presetName}",
      "cacheVariables": {
        "CMAKE_BUILD_TYPE": "Debug",
        "CMAKE_INSTALL_PREFIX": "${sourceDir}/out/install/${presetName}"
      },
      "vendor": {
        "microsoft.com/VisualStudioSettings/CMake/1.0": { "hostOS": [ "Linux" ] },
        "microsoft.com/VisualStudioRemoteSettings/CMake/1.0": { "sourceDir": "$env{HOME}/.vs/$ms{projectDirName}" }
      }
    },
    {
      "name": "linux-release",
      "displayName": "Linux Release",
      "description": "WSL(Linux용 Windows 하위 시스템) 또는 원격 Linux 시스템을 대상으로 지정합니다.",
      "generator": "Ninja",
      "binaryDir": "${sourceDir}/out/build/${presetName}",
      "cacheVariables": {
        "CMAKE_BUILD_TYPE": "Release",
        "CMAKE_INSTALL_PREFIX": "${sourceDir}/out/install/${presetName}"
      },
      "vendor": {
        "microsoft.com/VisualStudioSettings/CMake/1.0": { "hostOS": [ "Linux" ] },
        "microsoft.com/VisualStudioRemoteSettings/CMake/1.0": { "sourceDir": "$env{HOME}/.vs/$ms{projectDirName}" }
      }
    },
    {
      "name": "windows-default",
      "displayName": "Windows x64 Debug",
      "description": "Visual Studio 개발 환경을 사용하여 Windows를 대상으로 지정합니다.",
      "generator": "Ninja",
      "binaryDir": "${sourceDir}/out/build/${presetName}",
      "architecture": {
        "value": "x64",
        "strategy": "external"
      },
      "cacheVariables": {
        "CMAKE_BUILD_TYPE": "Debug",
        "CMAKE_INSTALL_PREFIX": "${sourceDir}/out/install/${presetName}"
      },
      "vendor": { "microsoft.com/VisualStudioSettings/CMake/1.0": { "hostOS": [ "Windows" ] } }
    }
  ]
}